"comment","human label","NoHateBrazil label","match","%"
"Rid√≠cula nunca ser√° primeira dama !! E levou um fora da primeira dama dos EUA jkkkkkkkkk","highly offensive","slightly offensive",FALSE,70
"Hum homem com um discurso de √≥dio, rancor e vingan√ßa, n√£o demonstra ser um Presidente de nenhum pa√≠s. Esse discurso foi de um candidato, mas nunca de um Presidente. Est√° seguindo a mesma cartilha que maduro usou.","highly offensive","no-offensive",FALSE,
"Cad√™ as bandeiras do Brasil?! Estamos vendo a ascens√£o do comunismo no Brasil e de tudo o que vem de pior com ele: corrup√ß√£o, pobreza, persegui√ß√£o e censura. Que dia triste. Muitos v√£o acordar ainda e o arrependimento vir√°","highly offensive","no-offensive",FALSE,
"Todos, todas, todes, ideologia de g√™nero, aborto, comunismo, socialismo‚Ä¶ Esta culpa n√£o carrego nos ombros!","highly offensive","no-offensive",FALSE,
"T√° pensando q vc ser√° com a Primeira Dama Michelle??? Nunca! Vc √© primeira dama do bandido","highly offensive","highly offensive",TRUE,
"A galera indignada nos coment√°rios com um presidente t√£o ridiculo, e os petistas achando gra√ßa. O pior √© que vamos nos fuder todos juntos. Dizem que o ""bolsonarista"" √© odioso, mas √© o √∫nico que luta pelos DOIS LADOS junto. Querendo um Brasil melhor, melhora para os dois","highly offensive","no-offensive",FALSE,
"J√° t√° leiloando a Amaz√¥nia Lula? Voc√™ n√£o tem vergonha de entregar as riquezas do seu pr√≥prio pa√≠s rapaz?","highly offensive","highly offensive",TRUE,
"Vcs tem muita coisa em comum, sao corruptos e os filhos s√£o umas tranqueiras","highly offensive","highly offensive",TRUE,
"Quadrilha restaurada com sucesso!! Viva o amor a bandidagemm !!","highly offensive","highly offensive",TRUE,
"O judici√°rio mais vergonhoso do mundo COLOCARAM UM BANDIDO NA PRESIDENCIA DA REPUBLICA BRASIL NAO TEM JEITO","highly offensive","highly offensive",TRUE,
"A corja suja no poder agora pode sorrir.","highly offensive","highly offensive",TRUE,
"O invejoso ali atr√°s, parece um esp√≠rito obsessor","highly offensive","highly offensive",TRUE,
"Esse supremo a√≠ de guardi√£o n√£o tem nada s√≥ se for guardi√£o de gente da tua laia, guardi√£o de ladr√£o","highly offensive","highly offensive",TRUE,
"Vagabund ministra vendida corrupta, quando vc m0rrer o inferno vai ser o lugar de vcs","highly offensive","highly offensive",TRUE,
" idiotice humana... Fazer as mesmas coisas, colocar as mesmas pessoas esperando resultados diferentes. Vcs s√£o loucos, como dizia o fil√≥sofo: ""√â preferivel o insatisfatorio mas conhecido, e assim repetinos o padrao que n√£o da certo mas traz ""seguran√ßa"".","highly offensive","highly offensive",TRUE,
"Imposs√≠vel ter sido eleito pelo voto , s√≥ est√£o te zoando? Tenha vergonha na cara , essa elei√ß√£o foi muito fraudada !","highly offensive","highly offensive",TRUE,
"Lula, voc√™ √© o maior picareta que esse pa√≠s j√° viu","highly offensive","no-offensive",FALSE,
"Damares. Bozo.. E sua corja. Cadeia sem ANISTIA","highly offensive","highly offensive",TRUE,
"""Entra no carro, ot√°rio. vamos recuperar a am√©rica do sul‚Äù","highly offensive","highly offensive",TRUE,
"√â isso a√≠ Lula, deixa os bolsoloides falar oque quizer , o dono dos gado kkk t√° morre mas n√£o morre , e coisa ruim morre f√°cil kkkk","highly offensive","highly offensive",TRUE,
"Acho rid√≠culo tudo isso n√£o tem clima pra carnaval depois que seu marido assumiu a presid√™ncia nem covid mas a globo mostra ü§£ü§£","highly offensive","highly offensive",TRUE,
"Mas √© invejosa üòÇ","highly offensive","highly offensive",TRUE,
"Voc√™ toma vergonha na cara , tinha que mandar o povo ficar em casa , ou a COVID acabou?","highly offensive","highly offensive",TRUE,
"Quanto custou a obra no Pal√°cio?? 216mil em hotel de luxo , isso √© d√° ser o povo de palha√ßo n√© ? #foralula","highly offensive","moderately offensive",FALSE,
"A MAMATA VOLTOU, LIBERADO DINHEIRO PARA ARTISTAS RICOS....","highly offensive","moderately offensive",FALSE,
"esquerdopatia e assim mesmo, dificilmente assimila as coisas. Dif√≠cil üòÇüòÇüòÇüòÇ","highly offensive","moderately offensive",FALSE,
"DEPOIS QUE A CANJA MICK JEGUER FOI VER O JOGO DO MENG√ÉO, N√ÉO GANHAMOS MAIS NADA! FICA EM CASA OU VAI VER JOGO DO CURINTIA COM O LALAU!","highly offensive","highly offensive",TRUE,
"Chupaaaaaaaa flamenguista de merda!!!","highly offensive","highly offensive",TRUE,
"Para com esse teatro vagabundo","highly offensive","highly offensive",TRUE,
"Quantos respiradores ou quantas vacina a Xuxa doou na pandemia? Que moral ela tem ? Nem uma moral ! Nunca fez nada de √∫til para nosso Brasil! S√≥ pega bilh√µes e vaza !!! Mais essa sempre √© a t√°tica do PT ! Tirar do pobre coitado e dar para os milion√°rios, acho √© pouco para quem votou nessa quadrilha do PT","highly offensive","highly offensive",TRUE,
